timestamp,pid,%cpu,%mem,rss_kb,voluntary_ctxt_switches,nonvoluntary_ctxt_switches
14:17:35,Average:     1000     52277      0.00      0.00  time
14:17:37,Average:     1000     52277      0.00      0.00  time
14:17:39,Average:     1000     52277      0.00      0.00  time
14:17:41,Average:     1000     52277      0.00      0.00  time
14:17:43,Average:     1000     52277      0.00      0.00  time
14:17:45,Average:     1000     52277      0.00      0.00  time
14:17:47,Average:     1000     52277      0.00      0.00  time
14:17:49,Average:     1000     52277      0.00      0.00  time
14:17:51,Average:     1000     52277      0.00      0.00  time
14:17:53,Average:     1000     52277      0.00      0.00  time
14:17:55,Average:     1000     52277      0.00      0.00  time
14:17:57,Average:     1000     52277      0.00      0.00  time
14:17:59,Average:     1000     52277      0.00      0.00  time
14:18:01,Average:     1000     52277      0.00      0.00  time
14:18:03,Average:     1000     52277      0.00      0.00  time
14:18:05,Average:     1000     52277      0.00      0.00  time
14:18:07,Average:     1000     52277      0.00      0.00  time
14:18:09,Average:     1000     52277      0.00      0.00  time
14:18:11,Average:     1000     52277      0.00      0.00  time
14:18:13,Average:     1000     52277      0.00      0.00  time
14:18:15,Average:     1000     52277      0.00      0.00  time
14:18:17,Average:     1000     52277      0.00      0.00  time
14:18:19,Average:     1000     52277      0.00      0.00  time
14:18:21,Average:     1000     52277      0.00      0.00  time
14:18:23,Average:     1000     52277      0.00      0.00  time
14:18:25,Average:     1000     52277      0.00      0.00  time
14:18:27,Average:     1000     52277      0.00      0.00  time
14:18:29,Average:     1000     52277      0.00      0.00  time
14:18:31,Average:     1000     52277      0.00      0.00  time
14:18:33,Average:     1000     52277      0.00      0.00  time
14:18:35,Average:     1000     52277      0.00      0.00  time
14:18:37,Average:     1000     52277      0.00      0.00  time
14:18:39,Average:     1000     52277      0.00      0.00  time
14:18:41,Average:     1000     52277      0.00      0.00  time
14:18:43,Average:     1000     52277      0.00      0.00  time
14:18:45,Average:     1000     52277      0.00      0.00  time
14:18:47,Average:     1000     52277      0.00      0.00  time
14:18:49,Average:     1000     52277      0.00      0.00  time
14:18:51,Average:     1000     52277      0.00      0.00  time
14:18:53,Average:     1000     52277      0.00      0.00  time
14:18:55,Average:     1000     52277      0.00      0.00  time
14:18:57,Average:     1000     52277      0.00      0.00  time
14:18:59,Average:     1000     52277      0.00      0.00  time
14:19:01,Average:     1000     52277      0.00      0.00  time
14:19:03,Average:     1000     52277      0.00      0.00  time
14:19:05,Average:     1000     52277      0.00      0.00  time
14:19:07,Average:     1000     52277      0.00      0.00  time
14:19:09,Average:     1000     52277      0.00      0.00  time
14:19:11,Average:     1000     52277      0.00      0.00  time
14:19:13,Average:     1000     52277      0.00      0.00  time
14:19:15,Average:     1000     52277      0.00      0.00  time
14:19:17,Average:     1000     52277      0.00      0.00  time
14:19:19,Average:     1000     52277      0.00      0.00  time
14:19:21,Average:     1000     52277      0.00      0.00  time
14:19:23,Average:     1000     52277      0.00      0.00  time
14:19:25,Average:     1000     52277      0.00      0.00  time
14:19:27,Average:     1000     52277      0.00      0.00  time
14:19:29,Average:     1000     52277      0.00      0.00  time
14:19:31,Average:     1000     52277      0.00      0.00  time
14:19:33,Average:     1000     52277      0.00      0.00  time
14:19:35,Average:     1000     52277      0.00      0.00  time
14:19:37,Average:     1000     52277      0.00      0.00  time
14:19:39,Average:     1000     52277      0.00      0.00  time
14:19:41,Average:     1000     52277      0.00      0.00  time
14:19:43,Average:     1000     52277      0.00      0.00  time
14:19:45,Average:     1000     52277      0.00      0.00  time
14:19:47,Average:     1000     52277      0.00      0.00  time
14:19:49,Average:     1000     52277      0.00      0.00  time
14:19:51,Average:     1000     52277      0.00      0.00  time
14:19:53,Average:     1000     52277      0.00      0.00  time
14:19:55,Average:     1000     52277      0.00      0.00  time
14:19:57,Average:     1000     52277      0.00      0.00  time
14:19:59,Average:     1000     52277      0.00      0.00  time
14:20:01,Average:     1000     52277      0.00      0.00  time
14:20:03,Average:     1000     52277      0.00      0.00  time
14:20:05,Average:     1000     52277      0.00      0.00  time
14:20:07,Average:     1000     52277      0.00      0.00  time
14:20:09,Average:     1000     52277      0.00      0.00  time
14:20:11,Average:     1000     52277      0.00      0.00  time
14:20:13,Average:     1000     52277      0.00      0.00  time
14:20:15,Average:     1000     52277      0.00      0.00  time
14:20:17,Average:     1000     52277      0.00      0.00  time
14:20:19,Average:     1000     52277      0.00      0.00  time
14:20:21,Average:     1000     52277      0.00      0.00  time
14:20:23,Average:     1000     52277      0.00      0.00  time
14:20:25,Average:     1000     52277      0.00      0.00  time
14:20:27,Average:     1000     52277      0.00      0.00  time
14:20:29,Average:     1000     52277      0.00      0.00  time
14:20:31,Average:     1000     52277      0.00      0.00  time
14:20:33,Average:     1000     52277      0.00      0.00  time
14:20:35,Average:     1000     52277      0.00      0.00  time
14:20:37,Average:     1000     52277      0.00      0.00  time
14:20:39,Average:     1000     52277      0.00      0.00  time
14:20:41,Average:     1000     52277      0.00      0.00  time
14:20:43,Average:     1000     52277      0.00      0.00  time
14:20:45,Average:     1000     52277      0.00      0.00  time
14:20:47,Average:     1000     52277      0.00      0.00  time
14:20:49,Average:     1000     52277      0.00      0.00  time
14:20:51,Average:     1000     52277      0.00      0.00  time
14:20:54,Average:     1000     52277      0.00      0.00  time
14:20:56,Average:     1000     52277      0.00      0.00  time
